{"cameraMode":{"drawMode":0,"name":"Shaded","section":"Shading Mode"},"sceneLighting":true,"audioPlay":false,"sceneViewState":{"showFog":true,"showMaterialUpdate":false,"showSkybox":true,"showFlares":true,"showImageEffects":true,"showParticleSystems":true},"in2DMode":false,"pivot":{"x":-33.48331832885742,"y":128.51788330078126,"z":80.2269287109375},"rotation":{"x":-0.10291787981987,"y":-0.8435176610946655,"z":0.4974200427532196,"w":-0.17452570796012879},"size":5.615653038024902,"orthographic":false}