{"cameraMode":{"drawMode":0,"name":"Shaded","section":"Shading Mode"},"sceneLighting":false,"audioPlay":false,"sceneViewState":{"showFog":true,"showMaterialUpdate":false,"showSkybox":false,"showFlares":true,"showImageEffects":true,"showParticleSystems":true},"in2DMode":false,"pivot":{"x":-7.1288042068481449,"y":7.900480270385742,"z":-9.726936340332032},"rotation":{"x":0.008362000808119774,"y":0.9915019869804382,"z":0.09967240691184998,"w":-0.08318209648132324},"size":38.48522186279297,"orthographic":false}