{"cameraMode":{"drawMode":0,"name":"Shaded","section":"Shading Mode"},"sceneLighting":true,"audioPlay":false,"sceneViewState":{"showFog":true,"showMaterialUpdate":false,"showSkybox":true,"showFlares":true,"showImageEffects":true,"showParticleSystems":true},"in2DMode":false,"pivot":{"x":168.3999481201172,"y":-124.1680908203125,"z":-36.744911193847659},"rotation":{"x":-0.11401747167110443,"y":-0.8755956292152405,"z":0.2519718408584595,"w":-0.3960616886615753},"size":515.5361938476563,"orthographic":false}