{"cameraMode":{"drawMode":0,"name":"Shaded","section":"Shading Mode"},"sceneLighting":false,"audioPlay":false,"sceneViewState":{"showFog":true,"showMaterialUpdate":false,"showSkybox":false,"showFlares":true,"showImageEffects":true,"showParticleSystems":true},"in2DMode":false,"pivot":{"x":339.05230712890627,"y":243.7871551513672,"z":-178.4428253173828},"rotation":{"x":0.03334358334541321,"y":-0.9624539613723755,"z":0.13929004967212678,"w":0.23063892126083375},"size":22.0,"orthographic":false}